duration,interArrivalTime,Type
149,277.0,Human
75,74.0,Human
151,113.0,Human
112,113.0,Human
113,147.0,Human
151,112.0,Human
111,75.0,Human
149,171.0,Human
225,1763.0,Human
149,74.0,Human
113,126.0,Human
73,159.0,Human
74,112.0,Human
150,239.0,Human
111,133.0,Human
189,213.0,Human
150,113.0,Human
113,37.0,Human
110,171.0,Human
150,112.0,Human
151,156.0,Human
264,225.0,Human
113,75.0,Human
111,201.0,Human
150,113.0,Human
113,113.0,Human
227,301.0,Human
111,142.0,Human
112,112.0,Human
113,75.0,Human
187,188.0,Human
1318,2079.0,Human
262,509.0,Human
226,113.0,Human
148,205.0,Human
111,317.0,Human
148,201.0,Human
264,404.0,Human
115,2.0,Human
888,36.0,Human
148,231.0,Human
186,225.0,Human
113,2.0,Human
188,266.0,Human
114,2.0,Human
296,2666.0,Human
222,74.0,Human
109,37.0,Human
148,185.0,Human
111,36.0,Human
150,248.0,Human
148,265.0,Human
185,235.0,Human
185,110.0,Human
111,317.0,Human
150,735.0,Human
109,111.0,Human
109,73.0,Human
150,111.0,Human
146,152.0,Human
149,111.0,Human
184,251.0,Human
110,110.0,Human
128,111.0,Human
148,111.0,Human
111,517.0,Human
147,111.0,Human
148,173.0,Human
258,259.0,Human
148,74.0,Human
147,157.0,Human
223,487.0,Human
149,155.0,Human
261,280.0,Human
184,404.0,Human
148,357.0,Human
185,147.0,Human
148,164.0,Human
149,223.0,Human
262,2.0,Human
184,146.0,Human
148,110.0,Human
183,235.0,Human
184,148.0,Human
111,74.0,Human
184,189.0,Human
149,73.0,Human
149,194.0,Human
108,110.0,Human
148,370.0,Human
186,111.0,Human
111,37.0,Human
63,36.0,Human
149,231.0,Human
185,147.0,Human
146,312.0,Human
148,258.0,Human
113,142.0,Human
148,73.0,Human
146,152.0,Human
186,444.0,Human
148,112.0,Human
149,294.0,Human
331,37.0,Human
146,509.0,Human
113,149.0,Human
152,172.0,Human
105,105.0,Human
112,224.0,Human
147,148.0,Human
148,74.0,Human
148,147.0,Human
149,160.0,Human
151,391.0,Human
114,140.0,Human
184,184.0,Human
147,36.0,Human
221,272.0,Human
182,369.0,Human
109,111.0,Human
184,477.0,Human
74,36.0,Human
177,432.0,Human
219,218.0,Human
335,1.0,Human
148,109.0,Human
111,123.0,Human
109,115.0,Human
150,4881.0,Human
112,288.0,Human
111,72.0,Human
112,189.0,Human
110,111.0,Human
148,74.0,Human
112,353.0,Human
150,174.0,Human
146,146.0,Human
146,260.0,Human
187,1282.0,Human
148,109.0,Human
138,148.0,Human
149,76.0,Human
186,147.0,Human
111,37.0,Human
150,259.0,Human
186,201.0,Human
151,343.0,Human
113,697.0,Human
108,110.0,Human
111,124.0,Human
152,202.0,Human
149,73.0,Human
183,185.0,Human
184,112.0,Human
183,73.0,Human
146,73.0,Human
112,202.0,Human
148,110.0,Human
74,97.0,Human
111,73.0,Human
111,137.0,Human
72,127.0,Human
149,226.0,Human
593,700.0,Human
149,37.0,Human
148,280.0,Human
148,194.0,Human
148,111.0,Human
259,186.0,Human
187,110.0,Human
185,206.0,Human
112,154.0,Human
44,5.0,Human
179,179.0,Human
143,2056.0,Human
148,185.0,Human
147,219.0,Human
113,160.0,Human
914,66.0,Human
114,373.0,Human
111,38.0,Human
114,134.0,Human
188,2444.0,Human
375,39.0,Human
39,151.0,Human
109,209.0,Human
150,237.0,Human
149,265.0,Human
187,191.0,Human
149,113.0,Human
187,241.0,Human
111,111.0,Human
148,681.0,Human
111,141.0,Human
110,174.0,Human
76,369.0,Human
113,192.0,Human
113,223.0,Human
188,557.0,Human
149,149.0,Human
188,607.0,Human
149,74.0,Human
113,113.0,Human
188,224.0,Human
149,75.0,Human
113,74.0,Human
177,112.0,Human
149,182.0,Human
65,76.0,Human
111,231.0,Human
188,213.0,Human
152,439.0,Human
148,172.0,Human
263,261.0,Human
152,1.0,Human
150,438.0,Human
149,112.0,Human
189,199.0,Human
151,229.0,Human
149,187.0,Human
149,75.0,Human
186,248.0,Human
75,38.0,Human
150,248.0,Human
75,142.0,Human
112,199.0,Human
186,195.0,Human
150,75.0,Human
185,187.0,Human
148,361.0,Human
151,494.0,Human
148,170.0,Human
113,74.0,Human
152,233.0,Human
147,149.0,Human
129,686.0,Human
151,152.0,Human
148,150.0,Human
186,112.0,Human
149,111.0,Human
186,238.0,Human
114,232.0,Human
75,129.0,Human
112,195.0,Human
110,112.0,Human
152,166.0,Human
74,149.0,Human
148,188.0,Human
149,149.0,Human
186,111.0,Human
75,287.0,Human
76,146.0,Human
113,128.0,Human
150,111.0,Human
111,112.0,Human
150,639.0,Human
149,112.0,Human
111,113.0,Human
150,112.0,Human
112,75.0,Human
161,121.0,Human
111,65.0,Human
152,300.0,Human
110,112.0,Human
111,203.0,Human
152,2436.0,Human
111,75.0,Human
150,195.0,Human
222,229.0,Human
149,415.0,Human
73,74.0,Human
221,241.0,Human
148,780.0,Human
188,112.0,Human
75,38.0,Human
186,262.0,Human
186,111.0,Human
113,291.0,Human
148,577.0,Human
150,161.0,Human
149,1216.0,Human
223,228.0,Human
75,37.0,Human
184,233.0,Human
151,111.0,Human
187,300.0,Human
113,74.0,Human
185,196.0,Human
187,149.0,Human
150,391.0,Human
149,239.0,Human
112,75.0,Human
74,75.0,Human
111,414.0,Human
39,125.0,Human
77,162.0,Human
149,237.0,Human
112,112.0,Human
111,74.0,Human
110,171.0,Human
149,331.0,Human
72,38.0,Human
225,224.0,Human
149,37.0,Human
111,76.0,Human
76,573.0,Human
73,128.0,Human
110,162.0,Human
111,490.0,Human
301,341.0,Human
224,37.0,Human
148,111.0,Human
186,399.0,Human
149,76.0,Human
102,37.0,Human
148,111.0,Human
110,111.0,Human
187,150.0,Human
112,38.0,Human
151,402.0,Human
111,138.0,Human
111,111.0,Human
187,291.0,Human
150,112.0,Human
147,212.0,Human
148,112.0,Human
148,535.0,Human
112,75.0,Human
224,278.0,Human
112,75.0,Human
224,224.0,Human
113,75.0,Human
150,290.0,Human
148,111.0,Human
152,254.0,Human
186,200.0,Human
74,37.0,Human
152,237.0,Human
186,187.0,Human
112,36.0,Human
186,245.0,Human
112,75.0,Human
149,270.0,Human
112,112.0,Human
100,112.0,Human
185,186.0,Human
1084,1290.0,Human
1045,1229.0,Human
148,147.0,Human
113,75.0,Human
186,186.0,Human
151,727.0,Human
112,224.0,Human
112,186.0,Human
111,75.0,Human
187,187.0,Human
112,36.0,Human
150,233.0,Human
113,138.0,Human
111,111.0,Human
149,75.0,Human
295,1295.0,Human
74,3042.0,Human
148,570.0,Human
262,2696.0,Human
186,974.0,Human
114,1199.0,Human
111,111.0,Human
112,1658.0,Human
150,4409.0,Human
149,2385.0,Human
185,1902.0,Human
187,4297.0,Human
187,731.0,Human
110,773.0,Human
150,1252.0,Human
148,810.0,Human
151,167.0,Human
187,1836.0,Human
187,2152.0,Human
150,299.0,Human
188,807.0,Human
111,1525.0,Human
150,1192.0,Human
186,261.0,Human
113,669.0,Human
111,237.0,Human
150,4113.0,Human
103,126.0,Human
110,491.0,Human
118,125.0,Human
72,89.0,Human
117,2199.0,Human
108,159.0,Human
100,102.0,Human
67,99.0,Human
118,107.0,Human
45,490.0,Human
48,129.0,Human
45,88.0,Human
97,61.0,Human
91,179.0,Human
126,151.0,Human
98,80.0,Human
112,176.0,Human
119,129.0,Human
100,303.0,Human
59,61.0,Human
106,134.0,Human
68,49.0,Human
67,134.0,Human
71,163.0,Human
91,281.0,Human
117,153.0,Human
74,355.0,Human
104,162.0,Human
64,66.0,Human
10,111.0,Human
100,208.0,Human
76,441.0,Human
72,94.0,Human
109,180.0,Human
49,230.0,Human
105,70.0,Human
103,126.0,Human
108,430.0,Human
115,126.0,Human
115,1694.0,Human
73,102.0,Human
75,139.0,Human
136,297.0,Human
44,53.0,Human
101,4667.0,Human
52,54.0,Human
109,142.0,Human
76,58.0,Human
51,119.0,Human
111,75.0,Human
150,110.0,Human
150,151.0,Human
149,74.0,Human
262,262.0,Human
151,1.0,Human
638,946.0,Human
111,248.0,Human
148,195.0,Human
150,112.0,Human
149,111.0,Human
111,259.0,Human
185,340.0,Human
151,286.0,Human
150,113.0,Human
112,37.0,Human
223,1997.0,Human
187,148.0,Human
150,150.0,Human
151,208.0,Human
114,128.0,Human
185,315.0,Human
149,112.0,Human
225,341.0,Human
112,37.0,Human
186,288.0,Human
111,112.0,Human
150,111.0,Human
150,74.0,Human
158,176.0,Human
74,168.0,Human
113,122.0,Human
74,75.0,Human
36,36.0,Human
150,1292.0,Human
149,149.0,Human
150,150.0,Human
76,36.0,Human
474,123.0,Human
634,13.0,Human
114,220.0,Human
149,149.0,Human
151,76.0,Human
149,153.0,Human
76,250.0,Human
260,2198.0,Human
149,39.0,Human
148,264.0,Human
76,300.0,Human
74,149.0,Human
151,241.0,Human
187,312.0,Human
148,1966.0,Human
76,36.0,Human
112,193.0,Human
112,74.0,Human
112,228.0,Human
74,357.0,Human
149,193.0,Human
149,37.0,Human
74,74.0,Human
149,221.0,Human
148,153.0,Human
150,112.0,Human
188,113.0,Human
227,437.0,Human
149,149.0,Human
151,191.0,Human
149,150.0,Human
186,237.0,Human
150,75.0,Human
74,37.0,Human
189,266.0,Human
150,38.0,Human
149,112.0,Human
112,37.0,Human
75,74.0,Human
149,162.0,Human
188,221.0,Human
113,75.0,Human
148,149.0,Human
113,187.0,Human
262,38.0,Human
186,299.0,Human
150,112.0,Human
149,112.0,Human
150,196.0,Human
148,149.0,Human
112,37.0,Human
150,616.0,Human
75,36.0,Human
152,260.0,Human
73,74.0,Human
148,232.0,Human
112,38.0,Human
73,74.0,Human
148,250.0,Human
149,150.0,Human
150,75.0,Human
75,208.0,Human
112,112.0,Human
112,211.0,Human
186,191.0,Human
113,38.0,Human
149,178.0,Human
150,113.0,Human
113,74.0,Human
111,212.0,Human
114,175.0,Human
138,1076.0,Human
110,145.0,Human
260,283.0,Human
150,37.0,Human
187,150.0,Human
150,112.0,Human
192,154.0,Human
113,348.0,Human
260,304.0,Human
149,37.0,Human
112,191.0,Human
186,270.0,Human
152,562.0,Human
149,262.0,Human
112,74.0,Human
110,171.0,Human
113,236.0,Human
113,337.0,Human
148,179.0,Human
150,157.0,Human
151,112.0,Human
223,226.0,Human
225,149.0,Human
186,37.0,Human
149,75.0,Human
75,76.0,Human
111,111.0,Human
151,199.0,Human
149,224.0,Human
300,1.0,Human
112,74.0,Human
150,240.0,Human
187,238.0,Human
188,444.0,Human
111,491.0,Human
75,225.0,Human
113,253.0,Human
112,204.0,Human
186,187.0,Human
112,36.0,Human
112,404.0,Human
151,112.0,Human
150,112.0,Human
150,112.0,Human
149,112.0,Human
149,1135.0,Human
226,194.0,Human
150,105.0,Human
147,275.0,Human
112,112.0,Human
149,150.0,Human
112,111.0,Human
149,213.0,Human
149,147.0,Human
111,72.0,Human
154,173.0,Human
113,74.0,Human
150,181.0,Human
112,75.0,Human
150,250.0,Human
111,111.0,Human
112,113.0,Human
187,149.0,Human
188,150.0,Human
112,74.0,Human
190,205.0,Human
113,74.0,Human
77,113.0,Human
149,111.0,Human
150,150.0,Human
147,154.0,Human
76,96.0,Human
76,111.0,Human
112,75.0,Human
223,686.0,Human
112,639.0,Human
109,255.0,Human
111,481.0,Human
150,291.0,Human
186,187.0,Human
112,37.0,Human
101,112.0,Human
149,155.0,Human
186,186.0,Human
193,1094.0,Human
141,143.0,Human
151,73.0,Human
104,118.0,Human
113,69.0,Human
112,311.0,Human
187,234.0,Human
113,74.0,Human
147,166.0,Human
151,112.0,Human
150,75.0,Human
149,179.0,Human
112,129.0,Human
111,112.0,Human
150,75.0,Human
139,149.0,Human
151,449.0,Human
187,1180.0,Human
262,226.0,Human
112,73.0,Human
149,204.0,Human
149,113.0,Human
149,148.0,Human
188,113.0,Human
112,37.0,Human
148,184.0,Human
150,74.0,Human
184,436.0,Human
150,438.0,Human
112,36.0,Human
149,150.0,Human
150,199.0,Human
74,37.0,Human
75,259.0,Human
210,257.0,Human
355,1.0,Human
124,24.0,Human
93,70.0,Human
149,149.0,Human
112,75.0,Human
202,163.0,Human
118,30.0,Human
142,181.0,Human
246,300.0,Human
186,224.0,Human
227,1044.0,Human
187,75.0,Human
113,74.0,Human
115,172.0,Human
113,75.0,Human
111,165.0,Human
652,114.0,Human
911,72.0,Human
188,114.0,Human
185,73.0,Human
374,508.0,Human
151,37.0,Human
150,262.0,Human
151,151.0,Human
150,76.0,Human
149,73.0,Human
112,161.0,Human
112,198.0,Human
148,174.0,Human
113,37.0,Human
112,75.0,Human
150,1543.0,Human
149,371.0,Human
74,79.0,Human
77,137.0,Human
76,129.0,Human
450,187.0,Human
939,1350.0,Human
1473,47.0,Human
713,185.0,Human
490,1.0,Human
410,1034.0,Human
634,1088.0,Human
188,291.0,Human
785,943.0,Human
112,75.0,Human
149,345.0,Human
150,150.0,Human
113,37.0,Human
186,149.0,Human
149,150.0,Human
112,357.0,Human
113,357.0,Human
148,311.0,Human
187,294.0,Human
112,37.0,Human
74,313.0,Human
111,177.0,Human
149,151.0,Human
149,149.0,Human
150,149.0,Human
186,3521.0,Human
186,192.0,Human
76,187.0,Human
112,178.0,Human
222,358.0,Human
224,223.0,Human
107,75.0,Human
114,308.0,Human
61,1231.0,Human
96,1371.0,Human
107,538.0,Human
29,413.0,Human
98,524.0,Human
74,3329.0,Human
42,1052.0,Human
83,1645.0,Human
57,546.0,Human
48,708.0,Human
153,4469.0,Human
63,968.0,Human
60,4648.0,Human
94,2813.0,Human
149,295.0,Human
78,1734.0,Human
154,121.0,Human
194,177.0,Human
70,307.0,Human
151,983.0,Human
128,858.0,Human
62,78.0,Human
109,115.0,Human
63,47.0,Human
63,115.0,Human
78,164.0,Human
94,2284.0,Human
109,156.0,Human
77,81.0,Human
94,140.0,Human
78,202.0,Human
126,207.0,Human
95,107.0,Human
63,90.0,Human
77,371.0,Human
47,287.0,Human
78,216.0,Human
111,172.0,Human
62,181.0,Human
79,338.0,Human
47,157.0,Human
125,172.0,Human
125,185.0,Human
126,100.0,Human
110,65.0,Human
109,100.0,Human
95,108.0,Human
109,148.0,Human
110,67.0,Human
108,148.0,Human
63,142.0,Human
78,115.0,Human
94,100.0,Human
93,132.0,Human
77,83.0,Human
78,101.0,Human
77,79.0,Human
125,138.0,Human
63,79.0,Human
47,347.0,Human
94,215.0,Human
94,103.0,Human
94,93.0,Human
93,135.0,Human
109,156.0,Human
78,170.0,Human
109,148.0,Human
63,106.0,Human
61,276.0,Human
46,48.0,Human
30,277.0,Human
48,133.0,Human
62,320.0,Human
110,153.0,Human
63,60.0,Human
124,182.0,Human
109,278.0,Human
63,70.0,Human
124,205.0,Human
78,69.0,Human
109,151.0,Human
64,205.0,Human
63,114.0,Human
79,98.0,Human
155,311.0,Human
78,414.0,Human
63,102.0,Human
93,104.0,Human
124,142.0,Human
61,131.0,Human
126,290.0,Human
126,91.0,Human
93,497.0,Human
62,95.0,Human
125,152.0,Human
79,86.0,Human
125,163.0,Human
78,217.0,Human
93,153.0,Human
78,105.0,Human
141,139.0,Human
125,54.0,Human
110,119.0,Human
125,132.0,Human
78,48.0,Human
62,280.0,Human
141,455.0,Human
93,122.0,Human
77,546.0,Human
109,125.0,Human
94,76.0,Human
157,222.0,Human
109,3.0,Human
94,102.0,Human
94,125.0,Human
77,74.0,Human
109,242.0,Human
94,232.0,Human
77,80.0,Human
47,172.0,Human
94,172.0,Human
110,184.0,Human
110,148.0,Human
125,171.0,Human
94,155.0,Human
110,118.0,Human
64,92.0,Human
78,156.0,Human
79,111.0,Human
109,135.0,Human
93,193.0,Human
110,657.0,Human
94,166.0,Human
111,137.0,Human
63,76.0,Human
109,144.0,Human
62,133.0,Human
80,184.0,Human
126,185.0,Human
125,49.0,Human
78,139.0,Human
125,187.0,Human
125,137.0,Human
93,78.0,Human
63,1489.0,Human
46,132.0,Human
63,122.0,Human
93,127.0,Human
62,124.0,Human
110,338.0,Human
62,61.0,Human
110,192.0,Human
62,408.0,Human
94,127.0,Human
77,148.0,Human
110,105.0,Human
124,394.0,Human
124,200.0,Human
109,981.0,Human
78,128.0,Human
141,182.0,Human
110,92.0,Human
125,183.0,Human
77,1159.0,Human
78,105.0,Human
79,102.0,Human
95,277.0,Human
64,85.0,Human
94,126.0,Human
170,263.0,Human
124,81.0,Human
79,339.0,Human
95,172.0,Human
157,177.0,Human
139,202.0,Human
141,2669.0,Human
63,31.0,Human
48,161.0,Human
109,183.0,Human
125,111.0,Human
110,163.0,Human
110,148.0,Human
78,751.0,Human
1459,13.0,Human
113,176.0,Human
113,128.0,Human
112,197.0,Human
96,124.0,Human
127,249.0,Human
106,1183.0,Human
819,36.0,Human
132,481.0,Human
106,545.0,Human
106,1326.0,Human
1844,28.0,Human
109,137.0,Human
107,161.0,Human
86,181.0,Human
97,436.0,Human
107,275.0,Human
89,167.0,Human
89,207.0,Human
102,199.0,Human
105,126.0,Human
116,187.0,Human
123,211.0,Human
113,208.0,Human
99,169.0,Human
95,157.0,Human
59,141.0,Human
104,253.0,Human
71,202.0,Human
104,166.0,Human
121,233.0,Human
92,163.0,Human
100,244.0,Human
76,428.0,Human
115,197.0,Human
113,641.0,Human
105,194.0,Human
99,116.0,Human
100,254.0,Human
82,101.0,Human
80,157.0,Human
106,187.0,Human
98,181.0,Human
94,178.0,Human
102,197.0,Human
101,116.0,Human
103,168.0,Human
105,167.0,Human
136,255.0,Human
113,162.0,Human
97,601.0,Human
91,124.0,Human
85,137.0,Human
81,113.0,Human
82,184.0,Human
85,164.0,Human
64,378.0,Human
74,199.0,Human
83,202.0,Human
77,189.0,Human
82,141.0,Human
82,161.0,Human
91,154.0,Human
129,498.0,Human
86,208.0,Human
91,170.0,Human
111,180.0,Human
106,163.0,Human
115,186.0,Human
102,164.0,Human
49,142.0,Human
104,378.0,Human
103,146.0,Human
82,1144.0,Human
1120,75.0,Human
646,20.0,Human
204,38.0,Human
130,2393.0,Human
92,221.0,Human
108,4110.0,Human
111,197.0,Human
76,2645.0,Human
88,619.0,Human
92,462.0,Human
184,22.0,Human
33,17.0,Human
207,662.0,Human
39,23.0,Human
32,17.0,Human
123,1174.0,Human
262,3561.0,Human
168,2463.0,Human
144,1096.0,Human
184,120.0,Human
152,40.0,Human
184,704.0,Human
163,109.0,Human
141,2.0,Human
136,39.0,Human
113,281.0,Human
120,1911.0,Human
121,633.0,Human
231,22.0,Human
112,256.0,Human
89,130.0,Human
201,367.0,Human
104,56.0,Human
183,1176.0,Human
95,16.0,Human
239,536.0,Human
136,8.0,Human
205,2040.0,Human
151,8.0,Human
159,952.0,Human
168,56.0,Human
144,79.0,Human
160,289.0,Human
95,12.0,Human
120,232.0,Human
76,24.0,Human
72,112.0,Human
127,256.0,Human
161,296.0,Human
104,1943.0,Human
240,48.0,Human
128,208.0,Human
187,136.0,Human
111,649.0,Human
111,87.0,Human
151,161.0,Human
72,343.0,Human
119,713.0,Human
79,48.0,Human
137,161.0,Human
74,46.0,Human
131,256.0,Human
111,81.0,Human
97,288.0,Human
95,112.0,Human
40,176.0,Human
129,257.0,Human
89,6.0,Human
92,241.0,Human
96,207.0,Human
137,112.0,Human
201,73.0,Human
192,104.0,Human
127,63.0,Human
120,328.0,Human
151,1077.0,Human
152,1318.0,Human
130,2210.0,Human
85,660.0,Human
305,9.0,Human
85,1206.0,Human
126,255.0,Human
74,59.0,Human
109,157.0,Human
660,4758.0,Human
79,1817.0,Human
120,567.0,Human
490,18.0,Human
79,341.0,Human
70,282.0,Human
53,93.0,Human
60,189.0,Human
59,125.0,Human
376,633.0,Human
116,9.0,Human
80,219.0,Human
90,146.0,Human
75,109.0,Human
94,990.0,Human
353,13.0,Human
95,207.0,Human
95,215.0,Human
85,90.0,Human
85,570.0,Human
100,314.0,Human
100,116.0,Human
70,170.0,Human
75,155.0,Human
85,215.0,Human
111,4486.0,Human
85,115.0,Human
191,196.0,Human
134,39.0,Human
74,2856.0,Human
110,290.0,Human
91,161.0,Human
156,350.0,Human
46,49.0,Human
110,162.0,Human
65,751.0,Human
95,243.0,Human
75,109.0,Human
2886,3451.0,Human
170,2766.0,Human
100,45.0,Human
116,126.0,Human
99,59.0,Human
80,101.0,Human
85,396.0,Human
105,290.0,Human
91,150.0,Human
184,324.0,Human
164,75.0,Human
106,1214.0,Human
156,106.0,Human
125,45.0,Human
264,542.0,Human
140,13.0,Human
109,805.0,Human
100,166.0,Human
100,115.0,Human
85,110.0,Human
95,260.0,Human
74,540.0,Human
64,190.0,Human
115,265.0,Human
155,54.0,Human
110,3149.0,Human
94,208.0,Human
99,135.0,Human
125,261.0,Human
101,185.0,Human
73,256.0,Human
101,225.0,Human
85,614.0,Human
69,215.0,Human
64,2226.0,Human
60,154.0,Human
94,170.0,Human
75,1311.0,Human
54,140.0,Human
105,195.0,Human
74,219.0,Human
115,160.0,Human
104,255.0,Human
75,270.0,Human
90,290.0,Human
119,224.0,Human
100,254.0,Human
76,266.0,Human
80,231.0,Human
90,1670.0,Human
91,141.0,Human
160,514.0,Human
75,240.0,Human
80,930.0,Human
95,211.0,Human
90,273.0,Human
80,266.0,Human
105,210.0,Human
110,36.0,Human
120,85.0,Human
105,38.0,Human
75,123.0,Human
115,479.0,Human
69,170.0,Human
90,118.0,Human
81,152.0,Human
144,213.0,Human
120,40.0,Human
140,1793.0,Human
101,43.0,Human
159,471.0,Human
320,13.0,Human
90,702.0,Human
95,184.0,Human
105,156.0,Human
85,99.0,Human
85,246.0,Human
110,1460.0,Human
120,65.0,Human
109,151.0,Human
96,61.0,Human
100,694.0,Human
100,130.0,Human
95,99.0,Human
90,131.0,Human
146,270.0,Human
106,44.0,Human
98,1051.0,Human
125,116.0,Human
115,33.0,Human
291,587.0,Human
129,13.0,Human
89,776.0,Human
75,105.0,Human
71,125.0,Human
59,99.0,Human
99,291.0,Human
72,742.0,Human
154,254.0,Human
145,33.0,Human
55,186.0,Human
80,184.0,Human
371,102.0,Human
110,1784.0,Human
75,79.0,Human
121,142.0,Human
149,324.0,Human
95,15.0,Human
84,1180.0,Human
308,2443.0,Human
75,1045.0,Human
116,3725.0,Human
123,2267.0,Human
400,1192.0,Human
110,3392.0,Human
86,4479.0,Human
141,2834.0,Human
95,1286.0,Human
142,1467.0,Human
105,125.0,Human
88,369.0,Human
56,2320.0,Human
72,440.0,Human
40,1120.0,Human
80,1272.0,Human
56,888.0,Human
72,368.0,Human
64,320.0,Human
72,2168.0,Human
40,1216.0,Human
72,544.0,Human
56,1344.0,Human
80,2232.0,Human
64,1224.0,Human
31,4543.0,Human
64,553.0,Human
41,2728.0,Human
88,1640.0,Human
64,584.0,Human
64,80.0,Human
96,519.0,Human
172,309.0,Human
90,979.0,Human
97,3488.0,Human
106,1852.0,Human
63,935.0,Human
76,1475.0,Human
84,3562.0,Human
86,1530.0,Human
90,4833.0,Human
98,492.0,Human
71,227.0,Human
89,1905.0,Human
86,3737.0,Human
77,1356.0,Human
105,2739.0,Human
160,3602.0,Human
80,407.0,Bot
151,508.0,Bot
93,499.0,Bot
64,464.0,Bot
131,948.0,Bot
153,418.0,Bot
113,464.0,Bot
114,350.0,Bot
77,530.0,Bot
133,533.0,Bot
81,331.0,Bot
118,473.0,Bot
93,525.0,Bot
126,579.0,Bot
159,565.0,Bot
157,415.0,Bot
79,453.0,Bot
84,1702.0,Bot
103,543.0,Bot
122,579.0,Bot
90,333.0,Bot
58,1102.0,Bot
106,422.0,Bot
145,543.0,Bot
135,580.0,Bot
134,270.0,Bot
126,306.0,Bot
97,292.0,Bot
149,331.0,Bot
55,123.0,Bot
107,295.0,Bot
75,154.0,Bot
145,267.0,Bot
110,259.0,Bot
150,323.0,Bot
70,232.0,Bot
66,248.0,Bot
116,327.0,Bot
112,321.0,Bot
72,208.0,Bot
84,147.0,Bot
91,254.0,Bot
77,223.0,Bot
152,311.0,Bot
151,274.0,Bot
111,480.0,Bot
85,289.0,Bot
86,236.0,Bot
146,253.0,Bot
81,149.0,Bot
62,179.0,Bot
56,238.0,Bot
139,280.0,Bot
108,291.0,Bot
143,299.0,Bot
112,194.0,Bot
62,244.0,Bot
77,138.0,Bot
110,251.0,Bot
134,336.0,Bot
100,184.0,Bot
110,259.0,Bot
142,256.0,Bot
89,212.0,Bot
128,302.0,Bot
149,236.0,Bot
76,246.0,Bot
96,196.0,Bot
122,234.0,Bot
62,147.0,Bot
135,313.0,Bot
115,212.0,Bot
128,337.0,Bot
100,190.0,Bot
92,232.0,Bot
106,261.0,Bot
71,255.0,Bot
131,235.0,Bot
59,251.0,Bot
84,239.0,Bot
136,347.0,Bot
127,288.0,Bot
91,251.0,Bot
119,206.0,Bot
79,156.0,Bot
73,467.0,Bot
143,249.0,Bot
84,180.0,Bot
72,232.0,Bot
57,207.0,Bot
131,270.0,Bot
120,188.0,Bot
114,256.0,Bot
98,163.0,Bot
59,180.0,Bot
99,194.0,Bot
155,253.0,Bot
92,291.0,Bot
66,159.0,Bot
153,249.0,Bot
56,264.0,Bot
131,215.0,Bot
99,279.0,Bot
57,182.0,Bot
94,171.0,Bot
142,345.0,Bot
66,146.0,Bot
148,296.0,Bot
60,232.0,Bot
93,198.0,Bot
84,183.0,Bot
152,302.0,Bot
118,228.0,Bot
146,240.0,Bot
59,193.0,Bot
90,261.0,Bot
150,325.0,Bot
153,235.0,Bot
69,236.0,Bot
70,252.0,Bot
66,135.0,Bot
127,281.0,Bot
118,304.0,Bot
68,228.0,Bot
142,287.0,Bot
88,160.0,Bot
107,316.0,Bot
96,164.0,Bot
147,213.0,Bot
268,334.0,Bot
173,252.0,Bot
285,395.0,Bot
235,320.0,Bot
110,475.0,Bot
129,205.0,Bot
245,348.0,Bot
303,397.0,Bot
114,177.0,Bot
151,241.0,Bot
242,348.0,Bot
237,305.0,Bot
125,195.0,Bot
109,189.0,Bot
179,242.0,Bot
216,322.0,Bot
286,355.0,Bot
195,286.0,Bot
162,224.0,Bot
86,187.0,Bot
95,161.0,Bot
295,396.0,Bot
236,308.0,Bot
117,200.0,Bot
127,195.0,Bot
254,351.0,Bot
182,249.0,Bot
58,158.0,Bot
79,168.0,Bot
301,384.0,Bot
289,382.0,Bot
271,364.0,Bot
275,375.0,Bot
119,217.0,Bot
193,286.0,Bot
87,158.0,Bot
82,188.0,Bot
147,220.0,Bot
194,258.0,Bot
149,244.0,Bot
225,302.0,Bot
229,297.0,Bot
213,276.0,Bot
90,168.0,Bot
215,286.0,Bot
283,394.0,Bot
211,294.0,Bot
99,209.0,Bot
306,416.0,Bot
96,175.0,Bot
288,380.0,Bot
259,344.0,Bot
68,142.0,Bot
160,232.0,Bot
165,226.0,Bot
260,349.0,Bot
221,318.0,Bot
222,299.0,Bot
80,182.0,Bot
136,449.0,Bot
169,248.0,Bot
270,337.0,Bot
131,229.0,Bot
161,224.0,Bot
285,375.0,Bot
154,256.0,Bot
186,285.0,Bot
187,254.0,Bot
181,286.0,Bot
270,344.0,Bot
139,224.0,Bot
209,300.0,Bot
171,274.0,Bot
94,180.0,Bot
285,378.0,Bot
299,368.0,Bot
148,558.0,Bot
193,260.0,Bot
142,237.0,Bot
239,333.0,Bot
186,259.0,Bot
246,331.0,Bot
80,164.0,Bot
201,266.0,Bot
241,348.0,Bot
110,190.0,Bot
266,346.0,Bot
208,318.0,Bot
149,231.0,Bot
73,147.0,Bot
305,386.0,Bot
84,186.0,Bot
275,351.0,Bot
274,646.0,Bot
64,136.0,Bot
254,354.0,Bot
156,259.0,Bot
79,174.0,Bot
259,330.0,Bot
86,158.0,Bot
187,261.0,Bot
297,354.0,Bot
156,228.0,Bot
117,221.0,Bot
297,388.0,Bot
290,353.0,Bot
295,361.0,Bot
70,145.0,Bot
109,185.0,Bot
229,324.0,Bot
163,478.0,Bot
158,260.0,Bot
281,378.0,Bot
177,257.0,Bot
221,321.0,Bot
241,309.0,Bot
110,183.0,Bot
279,392.0,Bot
67,151.0,Bot
138,208.0,Bot
139,220.0,Bot
228,318.0,Bot
71,175.0,Bot
110,199.0,Bot
247,330.0,Bot
290,357.0,Bot
234,321.0,Bot
241,669.0,Bot
161,261.0,Bot
208,299.0,Bot
88,156.0,Bot
297,392.0,Bot
131,225.0,Bot
245,336.0,Bot
88,173.0,Bot
284,370.0,Bot
276,349.0,Bot
227,329.0,Bot
111,191.0,Bot
165,262.0,Bot
126,212.0,Bot
58,142.0,Bot
263,346.0,Bot
214,293.0,Bot
152,228.0,Bot
205,307.0,Bot
168,259.0,Bot
191,285.0,Bot
245,314.0,Bot
200,283.0,Bot
222,312.0,Bot
194,282.0,Bot
172,279.0,Bot
223,293.0,Bot
157,240.0,Bot
235,328.0,Bot
293,394.0,Bot
87,174.0,Bot
144,210.0,Bot
269,343.0,Bot
267,374.0,Bot
163,281.0,Bot
207,313.0,Bot
132,209.0,Bot
192,287.0,Bot
244,310.0,Bot
185,271.0,Bot
255,342.0,Bot
239,338.0,Bot
260,344.0,Bot
83,190.0,Bot
263,338.0,Bot
62,149.0,Bot
192,282.0,Bot
87,185.0,Bot
173,238.0,Bot
277,382.0,Bot
181,294.0,Bot
111,199.0,Bot
122,185.0,Bot
171,237.0,Bot
94,570.0,Bot
115,206.0,Bot
153,211.0,Bot
59,106.0,Bot
141,251.0,Bot
115,163.0,Bot
105,195.0,Bot
83,183.0,Bot
69,175.0,Bot
102,193.0,Bot
120,165.0,Bot
93,202.0,Bot
118,183.0,Bot
129,239.0,Bot
56,118.0,Bot
63,122.0,Bot
137,237.0,Bot
86,143.0,Bot
57,117.0,Bot
148,234.0,Bot
142,190.0,Bot
70,119.0,Bot
138,242.0,Bot
120,224.0,Bot
111,182.0,Bot
78,737.0,Bot
120,175.0,Bot
110,179.0,Bot
120,225.0,Bot
96,146.0,Bot
153,213.0,Bot
113,187.0,Bot
112,170.0,Bot
116,225.0,Bot
119,164.0,Bot
118,185.0,Bot
93,174.0,Bot
81,171.0,Bot
81,126.0,Bot
59,125.0,Bot
98,155.0,Bot
118,171.0,Bot
144,237.0,Bot
137,188.0,Bot
130,222.0,Bot
95,181.0,Bot
57,135.0,Bot
87,175.0,Bot
104,172.0,Bot
83,316.0,Bot
71,181.0,Bot
148,213.0,Bot
150,194.0,Bot
110,191.0,Bot
99,183.0,Bot
77,155.0,Bot
87,156.0,Bot
78,145.0,Bot
134,210.0,Bot
114,209.0,Bot
126,211.0,Bot
58,109.0,Bot
146,240.0,Bot
91,188.0,Bot
61,116.0,Bot
132,207.0,Bot
147,240.0,Bot
80,178.0,Bot
124,179.0,Bot
137,230.0,Bot
74,179.0,Bot
85,181.0,Bot
93,151.0,Bot
104,198.0,Bot
96,165.0,Bot
64,901.0,Bot
54,144.0,Bot
77,170.0,Bot
124,179.0,Bot
126,236.0,Bot
100,188.0,Bot
147,224.0,Bot
119,194.0,Bot
96,164.0,Bot
148,206.0,Bot
107,189.0,Bot
75,136.0,Bot
90,187.0,Bot
133,243.0,Bot
119,186.0,Bot
63,120.0,Bot
56,129.0,Bot
104,161.0,Bot
115,179.0,Bot
70,142.0,Bot
135,207.0,Bot
103,148.0,Bot
83,152.0,Bot
67,171.0,Bot
145,232.0,Bot
121,165.0,Bot
84,170.0,Bot
152,240.0,Bot
122,166.0,Bot
156,204.0,Bot
92,177.0,Bot
74,123.0,Bot
141,200.0,Bot
57,107.0,Bot
156,219.0,Bot
114,199.0,Bot
116,210.0,Bot
67,149.0,Bot
110,191.0,Bot
103,164.0,Bot
118,161.0,Bot
97,165.0,Bot
92,166.0,Bot
123,226.0,Bot
67,140.0,Bot
145,214.0,Bot
101,204.0,Bot
154,253.0,Bot
89,151.0,Bot
150,229.0,Bot
150,195.0,Bot
125,193.0,Bot
114,1369.0,Bot
147,217.0,Bot
62,133.0,Bot
81,141.0,Bot
128,174.0,Bot
122,176.0,Bot
106,203.0,Bot
118,208.0,Bot
83,174.0,Bot
142,231.0,Bot
127,220.0,Bot
94,144.0,Bot
83,179.0,Bot
86,140.0,Bot
68,132.0,Bot
92,142.0,Bot
93,156.0,Bot
128,176.0,Bot
76,154.0,Bot
59,163.0,Bot
104,192.0,Bot
87,182.0,Bot
130,174.0,Bot
72,162.0,Bot
106,205.0,Bot
67,147.0,Bot
143,208.0,Bot
89,138.0,Bot
156,252.0,Bot
85,150.0,Bot
82,150.0,Bot
138,219.0,Bot
83,162.0,Bot
118,184.0,Bot
96,149.0,Bot
60,142.0,Bot
126,216.0,Bot
119,176.0,Bot
121,224.0,Bot
154,262.0,Bot
138,192.0,Bot
80,172.0,Bot
88,144.0,Bot
115,224.0,Bot
83,152.0,Bot
149,232.0,Bot
59,124.0,Bot
68,139.0,Bot
127,226.0,Bot
128,408.0,Bot
108,193.0,Bot
131,205.0,Bot
129,218.0,Bot
120,191.0,Bot
134,196.0,Bot
109,151.0,Bot
150,225.0,Bot
134,231.0,Bot
123,230.0,Bot
91,138.0,Bot
65,131.0,Bot
102,186.0,Bot
126,215.0,Bot
152,219.0,Bot
122,183.0,Bot
61,138.0,Bot
104,213.0,Bot
129,184.0,Bot
113,197.0,Bot
61,130.0,Bot
64,117.0,Bot
100,207.0,Bot
112,213.0,Bot
66,163.0,Bot
34,62.0,Bot
78,131.0,Bot
52,91.0,Bot
99,131.0,Bot
32,88.0,Bot
55,111.0,Bot
28,66.0,Bot
98,133.0,Bot
106,153.0,Bot
57,115.0,Bot
45,78.0,Bot
86,125.0,Bot
48,94.0,Bot
46,99.0,Bot
51,89.0,Bot
91,132.0,Bot
81,139.0,Bot
52,91.0,Bot
105,154.0,Bot
79,132.0,Bot
69,214.0,Bot
44,95.0,Bot
61,100.0,Bot
70,114.0,Bot
97,151.0,Bot
89,139.0,Bot
35,81.0,Bot
68,122.0,Bot
76,112.0,Bot
92,131.0,Bot
62,111.0,Bot
96,151.0,Bot
48,110.0,Bot
78,116.0,Bot
99,152.0,Bot
100,151.0,Bot
95,148.0,Bot
47,91.0,Bot
104,155.0,Bot
42,98.0,Bot
94,153.0,Bot
38,82.0,Bot
85,122.0,Bot
99,132.0,Bot
83,140.0,Bot
61,112.0,Bot
55,109.0,Bot
97,134.0,Bot
33,72.0,Bot
84,124.0,Bot
68,113.0,Bot
70,123.0,Bot
47,82.0,Bot
47,107.0,Bot
107,148.0,Bot
59,113.0,Bot
57,94.0,Bot
34,79.0,Bot
104,160.0,Bot
37,95.0,Bot
60,390.0,Bot
31,81.0,Bot
92,123.0,Bot
46,101.0,Bot
96,142.0,Bot
37,69.0,Bot
68,99.0,Bot
35,67.0,Bot
59,104.0,Bot
92,144.0,Bot
100,163.0,Bot
37,89.0,Bot
55,96.0,Bot
81,115.0,Bot
98,135.0,Bot
80,115.0,Bot
88,114.0,Bot
80,132.0,Bot
86,139.0,Bot
33,69.0,Bot
56,117.0,Bot
102,142.0,Bot
85,126.0,Bot
36,88.0,Bot
56,113.0,Bot
83,140.0,Bot
95,134.0,Bot
41,93.0,Bot
69,111.0,Bot
78,126.0,Bot
40,95.0,Bot
63,117.0,Bot
107,153.0,Bot
79,114.0,Bot
50,81.0,Bot
65,100.0,Bot
62,98.0,Bot
50,85.0,Bot
60,107.0,Bot
44,94.0,Bot
93,154.0,Bot
42,217.0,Bot
82,143.0,Bot
73,128.0,Bot
74,109.0,Bot
77,131.0,Bot
75,108.0,Bot
74,112.0,Bot
59,94.0,Bot
60,98.0,Bot
102,145.0,Bot
30,67.0,Bot
55,101.0,Bot
99,130.0,Bot
94,152.0,Bot
33,88.0,Bot
78,142.0,Bot
74,123.0,Bot
72,126.0,Bot
80,125.0,Bot
54,101.0,Bot
96,130.0,Bot
29,82.0,Bot
30,74.0,Bot
27,64.0,Bot
51,85.0,Bot
49,92.0,Bot
78,136.0,Bot
38,84.0,Bot
33,89.0,Bot
84,136.0,Bot
104,165.0,Bot
106,143.0,Bot
45,107.0,Bot
71,124.0,Bot
106,147.0,Bot
73,107.0,Bot
92,130.0,Bot
38,77.0,Bot
67,122.0,Bot
103,135.0,Bot
50,110.0,Bot
72,131.0,Bot
95,140.0,Bot
34,417.0,Bot
94,147.0,Bot
43,92.0,Bot
44,90.0,Bot
54,99.0,Bot
96,131.0,Bot
99,148.0,Bot
46,102.0,Bot
71,122.0,Bot
52,112.0,Bot
67,117.0,Bot
85,112.0,Bot
98,137.0,Bot
80,118.0,Bot
69,103.0,Bot
64,96.0,Bot
91,138.0,Bot
100,143.0,Bot
102,155.0,Bot
58,115.0,Bot
99,148.0,Bot
42,99.0,Bot
49,89.0,Bot
98,137.0,Bot
76,128.0,Bot
88,125.0,Bot
55,104.0,Bot
75,116.0,Bot
100,136.0,Bot
26,58.0,Bot
78,133.0,Bot
36,78.0,Bot
79,112.0,Bot
75,120.0,Bot
39,84.0,Bot
37,74.0,Bot
36,84.0,Bot
74,118.0,Bot
36,135.0,Bot
93,155.0,Bot
41,103.0,Bot
72,105.0,Bot
54,167.0,Bot
80,140.0,Bot
105,145.0,Bot
60,151.0,Bot
51,109.0,Bot
32,88.0,Bot
59,284.0,Bot
76,145.0,Bot
42,116.0,Bot
62,150.0,Bot
89,188.0,Bot
37,103.0,Bot
44,82.0,Bot
64,106.0,Bot
72,166.0,Bot
49,143.0,Bot
41,114.0,Bot
32,108.0,Bot
23,57.0,Bot
82,166.0,Bot
66,112.0,Bot
39,103.0,Bot
89,171.0,Bot
70,134.0,Bot
50,87.0,Bot
79,179.0,Bot
61,117.0,Bot
49,126.0,Bot
32,79.0,Bot
102,204.0,Bot
84,126.0,Bot
76,152.0,Bot
29,64.0,Bot
64,141.0,Bot
79,118.0,Bot
56,146.0,Bot
65,156.0,Bot
30,119.0,Bot
69,166.0,Bot
81,162.0,Bot
51,131.0,Bot
79,171.0,Bot
97,358.0,Bot
49,132.0,Bot
91,178.0,Bot
33,132.0,Bot
26,98.0,Bot
72,113.0,Bot
100,157.0,Bot
79,163.0,Bot
82,156.0,Bot
76,156.0,Bot
101,187.0,Bot
76,112.0,Bot
98,174.0,Bot
54,118.0,Bot
63,161.0,Bot
94,128.0,Bot
60,120.0,Bot
58,158.0,Bot
88,155.0,Bot
100,130.0,Bot
58,146.0,Bot
101,148.0,Bot
73,113.0,Bot
86,180.0,Bot
44,98.0,Bot
61,166.0,Bot
103,142.0,Bot
40,100.0,Bot
90,157.0,Bot
84,188.0,Bot
34,127.0,Bot
75,158.0,Bot
51,85.0,Bot
32,109.0,Bot
49,452.0,Bot
75,160.0,Bot
59,131.0,Bot
71,145.0,Bot
46,97.0,Bot
32,128.0,Bot
47,145.0,Bot
41,149.0,Bot
54,163.0,Bot
28,134.0,Bot
73,166.0,Bot
69,123.0,Bot
47,155.0,Bot
96,161.0,Bot
89,190.0,Bot
46,144.0,Bot
60,166.0,Bot
87,193.0,Bot
36,93.0,Bot
40,88.0,Bot
42,83.0,Bot
58,168.0,Bot
85,161.0,Bot
72,152.0,Bot
62,103.0,Bot
59,171.0,Bot
77,140.0,Bot
78,148.0,Bot
71,135.0,Bot
28,126.0,Bot
53,143.0,Bot
77,169.0,Bot
50,411.0,Bot
90,122.0,Bot
88,177.0,Bot
66,121.0,Bot
63,162.0,Bot
29,77.0,Bot
81,126.0,Bot
33,102.0,Bot
100,141.0,Bot
53,85.0,Bot
95,196.0,Bot
29,91.0,Bot
39,132.0,Bot
35,132.0,Bot
75,181.0,Bot
105,175.0,Bot
62,154.0,Bot
28,80.0,Bot
49,84.0,Bot
73,180.0,Bot
107,194.0,Bot
80,164.0,Bot
63,112.0,Bot
33,90.0,Bot
49,159.0,Bot
99,207.0,Bot
100,177.0,Bot
86,163.0,Bot
30,58.0,Bot
63,108.0,Bot
46,142.0,Bot
44,114.0,Bot
51,149.0,Bot
70,102.0,Bot
29,81.0,Bot
93,525.0,Bot
33,108.0,Bot
78,179.0,Bot
80,176.0,Bot
90,142.0,Bot
40,88.0,Bot
76,166.0,Bot
66,152.0,Bot
41,86.0,Bot
101,194.0,Bot
60,97.0,Bot
92,157.0,Bot
41,124.0,Bot
33,136.0,Bot
90,140.0,Bot
39,105.0,Bot
66,148.0,Bot
101,172.0,Bot
92,171.0,Bot
70,107.0,Bot
49,109.0,Bot
47,123.0,Bot
42,103.0,Bot
29,79.0,Bot
72,117.0,Bot
99,134.0,Bot
39,141.0,Bot
73,172.0,Bot
46,132.0,Bot
85,121.0,Bot
100,164.0,Bot
50,126.0,Bot
58,159.0,Bot
82,113.0,Bot
61,575.0,Bot
28,116.0,Bot
85,119.0,Bot
67,142.0,Bot
100,145.0,Bot
77,151.0,Bot
65,136.0,Bot
53,121.0,Bot
60,134.0,Bot
82,186.0,Bot
72,146.0,Bot
37,122.0,Bot
72,115.0,Bot
41,85.0,Bot
77,182.0,Bot
59,109.0,Bot
56,138.0,Bot
68,156.0,Bot
90,150.0,Bot
32,67.0,Bot
77,145.0,Bot
100,142.0,Bot
93,196.0,Bot
104,213.0,Bot
27,96.0,Bot
52,155.0,Bot
68,111.0,Bot
31,126.0,Bot
29,78.0,Bot
28,131.0,Bot
69,128.0,Bot
96,146.0,Bot
43,133.0,Bot
92,167.0,Bot
64,298.0,Bot
66,183.0,Bot
127,330.0,Bot
133,399.0,Bot
129,322.0,Bot
124,364.0,Bot
75,595.0,Bot
80,263.0,Bot
92,364.0,Bot
86,215.0,Bot
59,237.0,Bot
82,390.0,Bot
134,366.0,Bot
121,238.0,Bot
96,270.0,Bot
142,397.0,Bot
116,383.0,Bot
99,232.0,Bot
152,305.0,Bot
138,308.0,Bot
136,419.0,Bot
147,868.0,Bot
79,229.0,Bot
102,358.0,Bot
138,297.0,Bot
85,364.0,Bot
86,255.0,Bot
148,396.0,Bot
147,380.0,Bot
106,234.0,Bot
99,313.0,Bot
132,435.0,Bot
80,223.0,Bot
154,297.0,Bot
117,324.0,Bot
119,327.0,Bot
96,274.0,Bot
70,207.0,Bot
148,299.0,Bot
110,331.0,Bot
118,385.0,Bot
109,401.0,Bot
98,370.0,Bot
75,189.0,Bot
98,230.0,Bot
78,315.0,Bot
108,323.0,Bot
146,335.0,Bot
62,372.0,Bot
140,281.0,Bot
134,428.0,Bot
84,729.0,Bot
106,327.0,Bot
69,333.0,Bot
112,275.0,Bot
81,288.0,Bot
92,289.0,Bot
88,201.0,Bot
152,399.0,Bot
117,229.0,Bot
121,238.0,Bot
126,312.0,Bot
92,215.0,Bot
105,345.0,Bot
127,247.0,Bot
94,290.0,Bot
115,307.0,Bot
121,268.0,Bot
121,305.0,Bot
70,271.0,Bot
72,214.0,Bot
85,368.0,Bot
64,251.0,Bot
60,193.0,Bot
60,230.0,Bot
75,192.0,Bot
121,412.0,Bot
147,424.0,Bot
73,333.0,Bot
68,186.0,Bot
74,325.0,Bot
139,263.0,Bot
106,342.0,Bot
99,349.0,Bot
86,381.0,Bot
89,301.0,Bot
92,325.0,Bot
75,297.0,Bot
148,314.0,Bot
84,274.0,Bot
149,288.0,Bot
79,371.0,Bot
109,330.0,Bot
146,398.0,Bot
96,216.0,Bot
128,358.0,Bot
83,244.0,Bot
77,206.0,Bot
98,386.0,Bot
111,355.0,Bot
70,230.0,Bot
81,293.0,Bot
103,312.0,Bot
147,279.0,Bot
76,188.0,Bot
148,450.0,Bot
124,428.0,Bot
65,345.0,Bot
136,284.0,Bot
64,248.0,Bot
128,401.0,Bot
101,265.0,Bot
137,335.0,Bot
128,250.0,Bot
109,239.0,Bot
138,764.0,Bot
111,249.0,Bot
148,394.0,Bot
122,391.0,Bot
107,387.0,Bot
94,211.0,Bot
144,450.0,Bot
130,300.0,Bot
119,391.0,Bot
148,385.0,Bot
78,248.0,Bot
133,322.0,Bot
150,383.0,Bot
69,241.0,Bot
102,355.0,Bot
111,259.0,Bot
94,303.0,Bot
137,287.0,Bot
76,212.0,Bot
69,201.0,Bot
92,318.0,Bot
142,284.0,Bot
74,354.0,Bot
147,267.0,Bot
122,305.0,Bot
81,211.0,Bot
122,419.0,Bot
135,336.0,Bot
135,347.0,Bot
61,236.0,Bot
108,314.0,Bot
76,519.0,Bot
104,357.0,Bot
151,368.0,Bot
110,337.0,Bot
71,190.0,Bot
128,305.0,Bot
134,273.0,Bot
94,349.0,Bot
156,409.0,Bot
134,357.0,Bot
85,254.0,Bot
157,391.0,Bot
105,394.0,Bot
149,371.0,Bot
125,394.0,Bot
124,403.0,Bot
125,376.0,Bot
60,302.0,Bot
78,267.0,Bot
72,325.0,Bot
175,338.0,Bot
91,292.0,Bot
163,403.0,Bot
87,351.0,Bot
116,393.0,Bot
174,366.0,Bot
86,329.0,Bot
96,351.0,Bot
135,423.0,Bot
93,384.0,Bot
110,335.0,Bot
133,353.0,Bot
75,288.0,Bot
119,285.0,Bot
177,763.0,Bot
164,362.0,Bot
136,385.0,Bot
179,456.0,Bot
157,457.0,Bot
89,254.0,Bot
177,359.0,Bot
153,416.0,Bot
132,323.0,Bot
128,349.0,Bot
146,367.0,Bot
184,490.0,Bot
145,696.0,Bot
123,333.0,Bot
106,309.0,Bot
69,283.0,Bot
148,322.0,Bot
131,359.0,Bot
175,383.0,Bot
139,306.0,Bot
67,367.0,Bot
131,397.0,Bot
88,284.0,Bot
102,308.0,Bot
127,433.0,Bot
120,335.0,Bot
86,626.0,Bot
125,336.0,Bot
124,315.0,Bot
81,329.0,Bot
118,348.0,Bot
141,365.0,Bot
60,354.0,Bot
74,354.0,Bot
128,296.0,Bot
63,261.0,Bot
114,362.0,Bot
162,380.0,Bot
116,296.0,Bot
64,241.0,Bot
166,473.0,Bot
74,331.0,Bot
136,338.0,Bot
119,289.0,Bot
161,382.0,Bot
166,428.0,Bot
97,350.0,Bot
111,414.0,Bot
81,340.0,Bot
69,372.0,Bot
112,298.0,Bot
107,305.0,Bot
140,313.0,Bot
167,436.0,Bot
91,329.0,Bot
125,374.0,Bot
91,312.0,Bot
63,319.0,Bot
74,287.0,Bot
154,404.0,Bot
156,447.0,Bot
112,291.0,Bot
137,425.0,Bot
79,274.0,Bot
186,376.0,Bot
57,259.0,Bot
184,484.0,Bot
64,359.0,Bot
98,324.0,Bot
184,469.0,Bot
123,285.0,Bot
151,419.0,Bot
153,405.0,Bot
117,316.0,Bot
174,378.0,Bot
124,305.0,Bot
149,454.0,Bot
66,326.0,Bot
172,384.0,Bot
52,319.0,Bot
91,337.0,Bot
153,445.0,Bot
138,408.0,Bot
58,280.0,Bot
66,299.0,Bot
145,413.0,Bot
116,349.0,Bot
134,325.0,Bot
105,348.0,Bot
88,267.0,Bot
160,342.0,Bot
60,232.0,Bot
179,419.0,Bot
105,376.0,Bot
147,313.0,Bot
178,376.0,Bot
169,1129.0,Bot
124,393.0,Bot
76,362.0,Bot
111,371.0,Bot
180,414.0,Bot
162,349.0,Bot
88,289.0,Bot
115,367.0,Bot
160,462.0,Bot
102,308.0,Bot
151,378.0,Bot
142,672.0,Bot
126,307.0,Bot
110,287.0,Bot
101,364.0,Bot
93,379.0,Bot
83,288.0,Bot
67,273.0,Bot
58,360.0,Bot
145,317.0,Bot
109,295.0,Bot
179,456.0,Bot
168,335.0,Bot
97,337.0,Bot
99,365.0,Bot
187,428.0,Bot
96,521.0,Bot
237,402.0,Bot
230,640.0,Bot
96,706.0,Bot
91,397.0,Bot
56,500.0,Bot
208,685.0,Bot
118,394.0,Bot
213,612.0,Bot
128,512.0,Bot
112,285.0,Bot
67,365.0,Bot
247,734.0,Bot
227,719.0,Bot
128,608.0,Bot
158,516.0,Bot
172,321.0,Bot
221,720.0,Bot
155,608.0,Bot
118,569.0,Bot
166,594.0,Bot
195,540.0,Bot
99,319.0,Bot
80,558.0,Bot
94,575.0,Bot
190,580.0,Bot
155,474.0,Bot
193,381.0,Bot
158,298.0,Bot
63,461.0,Bot
244,421.0,Bot
148,569.0,Bot
189,606.0,Bot
256,523.0,Bot
56,475.0,Bot
244,682.0,Bot
194,704.0,Bot
231,479.0,Bot
236,423.0,Bot
201,476.0,Bot
202,547.0,Bot
203,537.0,Bot
96,523.0,Bot
125,405.0,Bot
129,264.0,Bot
176,569.0,Bot
72,420.0,Bot
217,722.0,Bot
177,391.0,Bot
205,540.0,Bot
144,368.0,Bot
182,448.0,Bot
215,496.0,Bot
63,517.0,Bot
163,567.0,Bot
180,434.0,Bot
84,523.0,Bot
166,620.0,Bot
72,347.0,Bot
248,715.0,Bot
128,372.0,Bot
113,520.0,Bot
151,359.0,Bot
193,542.0,Bot
255,527.0,Bot
103,335.0,Bot
196,417.0,Bot
102,377.0,Bot
155,648.0,Bot
128,379.0,Bot
167,479.0,Bot
255,517.0,Bot
98,708.0,Bot
127,566.0,Bot
103,470.0,Bot
256,424.0,Bot
103,302.0,Bot
77,506.0,Bot
224,702.0,Bot
207,622.0,Bot
158,633.0,Bot
84,514.0,Bot
56,555.0,Bot
73,350.0,Bot
195,520.0,Bot
176,513.0,Bot
87,575.0,Bot
231,653.0,Bot
162,338.0,Bot
65,229.0,Bot
200,480.0,Bot
177,667.0,Bot
62,369.0,Bot
198,692.0,Bot
167,305.0,Bot
196,370.0,Bot
217,405.0,Bot
182,376.0,Bot
183,420.0,Bot
175,393.0,Bot
155,606.0,Bot
91,440.0,Bot
45,177.0,Bot
50,139.0,Bot
49,161.0,Bot
50,140.0,Bot
71,157.0,Bot
68,167.0,Bot
38,133.0,Bot
48,146.0,Bot
50,144.0,Bot
72,161.0,Bot
38,137.0,Bot
39,144.0,Bot
60,144.0,Bot
70,313.0,Bot
41,133.0,Bot
51,144.0,Bot
73,170.0,Bot
52,161.0,Bot
43,133.0,Bot
50,143.0,Bot
45,151.0,Bot
56,148.0,Bot
44,127.0,Bot
54,150.0,Bot
43,150.0,Bot
60,147.0,Bot
41,133.0,Bot
51,142.0,Bot
57,162.0,Bot
42,148.0,Bot
52,145.0,Bot
72,157.0,Bot
56,161.0,Bot
54,165.0,Bot
65,166.0,Bot
68,152.0,Bot
42,152.0,Bot
47,150.0,Bot
40,129.0,Bot
74,166.0,Bot
69,152.0,Bot
51,145.0,Bot
51,150.0,Bot
38,124.0,Bot
59,149.0,Bot
46,127.0,Bot
62,454.0,Bot
54,150.0,Bot
41,142.0,Bot
58,162.0,Bot
72,172.0,Bot
70,151.0,Bot
41,149.0,Bot
53,141.0,Bot
66,166.0,Bot
39,140.0,Bot
42,141.0,Bot
48,142.0,Bot
59,153.0,Bot
52,145.0,Bot
43,132.0,Bot
51,157.0,Bot
43,129.0,Bot
56,155.0,Bot
41,126.0,Bot
71,181.0,Bot
74,168.0,Bot
44,153.0,Bot
36,125.0,Bot
54,164.0,Bot
57,158.0,Bot
55,165.0,Bot
63,147.0,Bot
54,160.0,Bot
75,176.0,Bot
39,149.0,Bot
65,155.0,Bot
44,281.0,Bot
42,132.0,Bot
63,155.0,Bot
46,131.0,Bot
45,139.0,Bot
48,126.0,Bot
57,140.0,Bot
44,152.0,Bot
70,153.0,Bot
39,135.0,Bot
57,152.0,Bot
39,122.0,Bot
70,167.0,Bot
53,149.0,Bot
56,142.0,Bot
51,138.0,Bot
59,158.0,Bot
75,161.0,Bot
52,155.0,Bot
55,146.0,Bot
52,147.0,Bot
63,143.0,Bot
39,138.0,Bot
68,157.0,Bot
40,147.0,Bot
59,144.0,Bot
75,160.0,Bot
38,130.0,Bot
64,150.0,Bot
45,134.0,Bot
56,148.0,Bot
46,130.0,Bot
44,134.0,Bot
52,528.0,Bot
59,171.0,Bot
42,141.0,Bot
69,154.0,Bot
52,142.0,Bot
41,138.0,Bot
76,182.0,Bot
51,154.0,Bot
60,156.0,Bot
38,150.0,Bot
76,168.0,Bot
64,149.0,Bot
66,157.0,Bot
43,147.0,Bot
36,140.0,Bot
71,179.0,Bot
47,144.0,Bot
57,157.0,Bot
57,162.0,Bot
73,155.0,Bot
40,140.0,Bot
63,171.0,Bot
67,164.0,Bot
38,145.0,Bot
56,146.0,Bot
38,125.0,Bot
64,146.0,Bot
57,141.0,Bot
45,140.0,Bot
70,172.0,Bot
58,308.0,Bot
45,153.0,Bot
59,157.0,Bot
66,152.0,Bot
53,162.0,Bot
61,168.0,Bot
34,128.0,Bot
60,167.0,Bot
49,143.0,Bot
63,171.0,Bot
48,143.0,Bot
58,139.0,Bot
59,155.0,Bot
66,149.0,Bot
45,139.0,Bot
65,141.0,Bot
61,169.0,Bot
70,154.0,Bot
64,164.0,Bot
62,166.0,Bot
73,154.0,Bot
41,135.0,Bot
41,151.0,Bot
75,167.0,Bot
74,160.0,Bot
37,146.0,Bot
68,175.0,Bot
42,152.0,Bot
75,175.0,Bot
58,153.0,Bot
65,158.0,Bot
73,157.0,Bot
75,323.0,Bot
40,126.0,Bot
46,139.0,Bot
68,161.0,Bot
49,133.0,Bot
70,167.0,Bot
55,152.0,Bot
63,158.0,Bot
40,131.0,Bot
55,147.0,Bot
68,167.0,Bot
39,146.0,Bot
52,151.0,Bot
63,151.0,Bot
35,135.0,Bot
45,151.0,Bot
35,124.0,Bot
51,151.0,Bot
60,145.0,Bot
65,149.0,Bot
52,140.0,Bot
41,123.0,Bot
66,166.0,Bot
36,146.0,Bot
61,152.0,Bot
73,154.0,Bot
